[
  {"code":"AD","code3":"AND","name":"Andorra","nameFr":"Andorre","region":"Europe","subregion":"Southern Europe"},
  {"code":"AE","code3":"ARE","name":"United Arab Emirates","nameFr":"Émirats arabes unis","region":"Asia","subregion":"Western Asia"},
  {"code":"AF","code3":"AFG","name":"Afghanistan","nameFr":"Afghanistan","region":"Asia","subregion":"Southern Asia"},
  {"code":"AG","code3":"ATG","name":"Antigua and Barbuda","nameFr":"Antigua-et-Barbuda","region":"Americas","subregion":"Caribbean"},
  {"code":"AI","code3":"AIA","name":"Anguilla","nameFr":"Anguilla","region":"Americas","subregion":"Caribbean"},
  {"code":"AL","code3":"ALB","name":"Albania","nameFr":"Albanie","region":"Europe","subregion":"Southern Europe"},
  {"code":"AM","code3":"ARM","name":"Armenia","nameFr":"Arménie","region":"Asia","subregion":"Western Asia"},
  {"code":"AO","code3":"AGO","name":"Angola","nameFr":"Angola","region":"Africa","subregion":"Middle Africa"},
  {"code":"AQ","code3":"ATA","name":"Antarctica","nameFr":"Antarctique","region":"Antarctic","subregion":null},
  {"code":"AR","code3":"ARG","name":"Argentina","nameFr":"Argentine","region":"Americas","subregion":"South America"},
  {"code":"AS","code3":"ASM","name":"American Samoa","nameFr":"Samoa américaines","region":"Oceania","subregion":"Polynesia"},
  {"code":"AT","code3":"AUT","name":"Austria","nameFr":"Autriche","region":"Europe","subregion":"Western Europe"},
  {"code":"AU","code3":"AUS","name":"Australia","nameFr":"Australie","region":"Oceania","subregion":"Australia and New Zealand"},
  {"code":"AW","code3":"ABW","name":"Aruba","nameFr":"Aruba","region":"Americas","subregion":"Caribbean"},
  {"code":"AX","code3":"ALA","name":"Åland Islands","nameFr":"Îles Åland","region":"Europe","subregion":"Northern Europe"},
  {"code":"AZ","code3":"AZE","name":"Azerbaijan","nameFr":"Azerbaïdjan","region":"Asia","subregion":"Western Asia"},
  {"code":"BA","code3":"BIH","name":"Bosnia and Herzegovina","nameFr":"Bosnie-Herzégovine","region":"Europe","subregion":"Southern Europe"},
  {"code":"BB","code3":"BRB","name":"Barbados","nameFr":"Barbade","region":"Americas","subregion":"Caribbean"},
  {"code":"BD","code3":"BGD","name":"Bangladesh","nameFr":"Bangladesh","region":"Asia","subregion":"Southern Asia"},
  {"code":"BE","code3":"BEL","name":"Belgium","nameFr":"Belgique","region":"Europe","subregion":"Western Europe"},
  {"code":"BF","code3":"BFA","name":"Burkina Faso","nameFr":"Burkina Faso","region":"Africa","subregion":"Western Africa"},
  {"code":"BG","code3":"BGR","name":"Bulgaria","nameFr":"Bulgarie","region":"Europe","subregion":"Eastern Europe"},
  {"code":"BH","code3":"BHR","name":"Bahrain","nameFr":"Bahreïn","region":"Asia","subregion":"Western Asia"},
  {"code":"BI","code3":"BDI","name":"Burundi","nameFr":"Burundi","region":"Africa","subregion":"Eastern Africa"},
  {"code":"BJ","code3":"BEN","name":"Benin","nameFr":"Bénin","region":"Africa","subregion":"Western Africa"},
  {"code":"BL","code3":"BLM","name":"Saint Barthélemy","nameFr":"Saint-Barthélemy","region":"Americas","subregion":"Caribbean"},
  {"code":"BM","code3":"BMU","name":"Bermuda","nameFr":"Bermudes","region":"Americas","subregion":"Northern America"},
  {"code":"BN","code3":"BRN","name":"Brunei","nameFr":"Brunei","region":"Asia","subregion":"South-Eastern Asia"},
  {"code":"BO","code3":"BOL","name":"Bolivia","nameFr":"Bolivie","region":"Americas","subregion":"South America"},
  {"code":"BQ","code3":"BES","name":"Caribbean Netherlands","nameFr":"Pays-Bas caribéens","region":"Americas","subregion":"Caribbean"},
  {"code":"BR","code3":"BRA","name":"Brazil","nameFr":"Brésil","region":"Americas","subregion":"South America"},
  {"code":"BS","code3":"BHS","name":"Bahamas","nameFr":"Bahamas","region":"Americas","subregion":"Caribbean"},
  {"code":"BT","code3":"BTN","name":"Bhutan","nameFr":"Bhoutan","region":"Asia","subregion":"Southern Asia"},
  {"code":"BV","code3":"BVT","name":"Bouvet Island","nameFr":"Île Bouvet","region":"Antarctic","subregion":null},
  {"code":"BW","code3":"BWA","name":"Botswana","nameFr":"Botswana","region":"Africa","subregion":"Southern Africa"},
  {"code":"BY","code3":"BLR","name":"Belarus","nameFr":"Biélorussie","region":"Europe","subregion":"Eastern Europe"},
  {"code":"BZ","code3":"BLZ","name":"Belize","nameFr":"Belize","region":"Americas","subregion":"Central America"},
  {"code":"CA","code3":"CAN","name":"Canada","nameFr":"Canada","region":"Americas","subregion":"Northern America"},
  {"code":"CC","code3":"CCK","name":"Cocos (Keeling) Islands","nameFr":"Îles Cocos","region":"Oceania","subregion":"Australia and New Zealand"},
  {"code":"CD","code3":"COD","name":"DR Congo","nameFr":"RD Congo","region":"Africa","subregion":"Middle Africa"},
  {"code":"CF","code3":"CAF","name":"Central African Republic","nameFr":"République centrafricaine","region":"Africa","subregion":"Middle Africa"},
  {"code":"CG","code3":"COG","name":"Republic of the Congo","nameFr":"République du Congo","region":"Africa","subregion":"Middle Africa"},
  {"code":"CH","code3":"CHE","name":"Switzerland","nameFr":"Suisse","region":"Europe","subregion":"Western Europe"},
  {"code":"CI","code3":"CIV","name":"Ivory Coast","nameFr":"Côte d'Ivoire","region":"Africa","subregion":"Western Africa"},
  {"code":"CK","code3":"COK","name":"Cook Islands","nameFr":"Îles Cook","region":"Oceania","subregion":"Polynesia"},
  {"code":"CL","code3":"CHL","name":"Chile","nameFr":"Chili","region":"Americas","subregion":"South America"},
  {"code":"CM","code3":"CMR","name":"Cameroon","nameFr":"Cameroun","region":"Africa","subregion":"Middle Africa"},
  {"code":"CN","code3":"CHN","name":"China","nameFr":"Chine","region":"Asia","subregion":"Eastern Asia"},
  {"code":"CO","code3":"COL","name":"Colombia","nameFr":"Colombie","region":"Americas","subregion":"South America"},
  {"code":"CR","code3":"CRI","name":"Costa Rica","nameFr":"Costa Rica","region":"Americas","subregion":"Central America"},
  {"code":"CU","code3":"CUB","name":"Cuba","nameFr":"Cuba","region":"Americas","subregion":"Caribbean"},
  {"code":"CV","code3":"CPV","name":"Cape Verde","nameFr":"Cap-Vert","region":"Africa","subregion":"Western Africa"},
  {"code":"CW","code3":"CUW","name":"Curaçao","nameFr":"Curaçao","region":"Americas","subregion":"Caribbean"},
  {"code":"CX","code3":"CXR","name":"Christmas Island","nameFr":"Île Christmas","region":"Oceania","subregion":"Australia and New Zealand"},
  {"code":"CY","code3":"CYP","name":"Cyprus","nameFr":"Chypre","region":"Asia","subregion":"Western Asia"},
  {"code":"CZ","code3":"CZE","name":"Czechia","nameFr":"Tchéquie","region":"Europe","subregion":"Eastern Europe"},
  {"code":"DE","code3":"DEU","name":"Germany","nameFr":"Allemagne","region":"Europe","subregion":"Western Europe"},
  {"code":"DJ","code3":"DJI","name":"Djibouti","nameFr":"Djibouti","region":"Africa","subregion":"Eastern Africa"},
  {"code":"DK","code3":"DNK","name":"Denmark","nameFr":"Danemark","region":"Europe","subregion":"Northern Europe"},
  {"code":"DM","code3":"DMA","name":"Dominica","nameFr":"Dominique","region":"Americas","subregion":"Caribbean"},
  {"code":"DO","code3":"DOM","name":"Dominican Republic","nameFr":"République dominicaine","region":"Americas","subregion":"Caribbean"},
  {"code":"DZ","code3":"DZA","name":"Algeria","nameFr":"Algérie","region":"Africa","subregion":"Northern Africa"},
  {"code":"EC","code3":"ECU","name":"Ecuador","nameFr":"Équateur","region":"Americas","subregion":"South America"},
  {"code":"EE","code3":"EST","name":"Estonia","nameFr":"Estonie","region":"Europe","subregion":"Northern Europe"},
  {"code":"EG","code3":"EGY","name":"Egypt","nameFr":"Égypte","region":"Africa","subregion":"Northern Africa"},
  {"code":"EH","code3":"ESH","name":"Western Sahara","nameFr":"Sahara occidental","region":"Africa","subregion":"Northern Africa"},
  {"code":"ER","code3":"ERI","name":"Eritrea","nameFr":"Érythrée","region":"Africa","subregion":"Eastern Africa"},
  {"code":"ES","code3":"ESP","name":"Spain","nameFr":"Espagne","region":"Europe","subregion":"Southern Europe"},
  {"code":"ET","code3":"ETH","name":"Ethiopia","nameFr":"Éthiopie","region":"Africa","subregion":"Eastern Africa"},
  {"code":"FI","code3":"FIN","name":"Finland","nameFr":"Finlande","region":"Europe","subregion":"Northern Europe"},
  {"code":"FJ","code3":"FJI","name":"Fiji","nameFr":"Fidji","region":"Oceania","subregion":"Melanesia"},
  {"code":"FK","code3":"FLK","name":"Falkland Islands","nameFr":"Îles Malouines","region":"Americas","subregion":"South America"},
  {"code":"FM","code3":"FSM","name":"Micronesia","nameFr":"Micronésie","region":"Oceania","subregion":"Micronesia"},
  {"code":"FO","code3":"FRO","name":"Faroe Islands","nameFr":"Îles Féroé","region":"Europe","subregion":"Northern Europe"},
  {"code":"FR","code3":"FRA","name":"France","nameFr":"France","region":"Europe","subregion":"Western Europe"},
  {"code":"GA","code3":"GAB","name":"Gabon","nameFr":"Gabon","region":"Africa","subregion":"Middle Africa"},
  {"code":"GB","code3":"GBR","name":"United Kingdom","nameFr":"Royaume-Uni","region":"Europe","subregion":"Northern Europe"},
  {"code":"GD","code3":"GRD","name":"Grenada","nameFr":"Grenade","region":"Americas","subregion":"Caribbean"},
  {"code":"GE","code3":"GEO","name":"Georgia","nameFr":"Géorgie","region":"Asia","subregion":"Western Asia"},
  {"code":"GF","code3":"GUF","name":"French Guiana","nameFr":"Guyane française","region":"Americas","subregion":"South America"},
  {"code":"GG","code3":"GGY","name":"Guernsey","nameFr":"Guernesey","region":"Europe","subregion":"Northern Europe"},
  {"code":"GH","code3":"GHA","name":"Ghana","nameFr":"Ghana","region":"Africa","subregion":"Western Africa"},
  {"code":"GI","code3":"GIB","name":"Gibraltar","nameFr":"Gibraltar","region":"Europe","subregion":"Southern Europe"},
  {"code":"GL","code3":"GRL","name":"Greenland","nameFr":"Groenland","region":"Americas","subregion":"Northern America"},
  {"code":"GM","code3":"GMB","name":"Gambia","nameFr":"Gambie","region":"Africa","subregion":"Western Africa"},
  {"code":"GN","code3":"GIN","name":"Guinea","nameFr":"Guinée","region":"Africa","subregion":"Western Africa"},
  {"code":"GP","code3":"GLP","name":"Guadeloupe","nameFr":"Guadeloupe","region":"Americas","subregion":"Caribbean"},
  {"code":"GQ","code3":"GNQ","name":"Equatorial Guinea","nameFr":"Guinée équatoriale","region":"Africa","subregion":"Middle Africa"},
  {"code":"GR","code3":"GRC","name":"Greece","nameFr":"Grèce","region":"Europe","subregion":"Southern Europe"},
  {"code":"GS","code3":"SGS","name":"South Georgia","nameFr":"Géorgie du Sud","region":"Antarctic","subregion":null},
  {"code":"GT","code3":"GTM","name":"Guatemala","nameFr":"Guatemala","region":"Americas","subregion":"Central America"},
  {"code":"GU","code3":"GUM","name":"Guam","nameFr":"Guam","region":"Oceania","subregion":"Micronesia"},
  {"code":"GW","code3":"GNB","name":"Guinea-Bissau","nameFr":"Guinée-Bissau","region":"Africa","subregion":"Western Africa"},
  {"code":"GY","code3":"GUY","name":"Guyana","nameFr":"Guyane","region":"Americas","subregion":"South America"},
  {"code":"HK","code3":"HKG","name":"Hong Kong","nameFr":"Hong Kong","region":"Asia","subregion":"Eastern Asia"},
  {"code":"HM","code3":"HMD","name":"Heard Island and McDonald Islands","nameFr":"Îles Heard-et-MacDonald","region":"Antarctic","subregion":null},
  {"code":"HN","code3":"HND","name":"Honduras","nameFr":"Honduras","region":"Americas","subregion":"Central America"},
  {"code":"HR","code3":"HRV","name":"Croatia","nameFr":"Croatie","region":"Europe","subregion":"Southern Europe"},
  {"code":"HT","code3":"HTI","name":"Haiti","nameFr":"Haïti","region":"Americas","subregion":"Caribbean"},
  {"code":"HU","code3":"HUN","name":"Hungary","nameFr":"Hongrie","region":"Europe","subregion":"Eastern Europe"},
  {"code":"ID","code3":"IDN","name":"Indonesia","nameFr":"Indonésie","region":"Asia","subregion":"South-Eastern Asia"},
  {"code":"IE","code3":"IRL","name":"Ireland","nameFr":"Irlande","region":"Europe","subregion":"Northern Europe"},
  {"code":"IL","code3":"ISR","name":"Israel","nameFr":"Israël","region":"Asia","subregion":"Western Asia"},
  {"code":"IM","code3":"IMN","name":"Isle of Man","nameFr":"Île de Man","region":"Europe","subregion":"Northern Europe"},
  {"code":"IN","code3":"IND","name":"India","nameFr":"Inde","region":"Asia","subregion":"Southern Asia"},
  {"code":"IO","code3":"IOT","name":"British Indian Ocean Territory","nameFr":"Territoire britannique de l'océan Indien","region":"Africa","subregion":"Eastern Africa"},
  {"code":"IQ","code3":"IRQ","name":"Iraq","nameFr":"Irak","region":"Asia","subregion":"Western Asia"},
  {"code":"IR","code3":"IRN","name":"Iran","nameFr":"Iran","region":"Asia","subregion":"Southern Asia"},
  {"code":"IS","code3":"ISL","name":"Iceland","nameFr":"Islande","region":"Europe","subregion":"Northern Europe"},
  {"code":"IT","code3":"ITA","name":"Italy","nameFr":"Italie","region":"Europe","subregion":"Southern Europe"},
  {"code":"JE","code3":"JEY","name":"Jersey","nameFr":"Jersey","region":"Europe","subregion":"Northern Europe"},
  {"code":"JM","code3":"JAM","name":"Jamaica","nameFr":"Jamaïque","region":"Americas","subregion":"Caribbean"},
  {"code":"JO","code3":"JOR","name":"Jordan","nameFr":"Jordanie","region":"Asia","subregion":"Western Asia"},
  {"code":"JP","code3":"JPN","name":"Japan","nameFr":"Japon","region":"Asia","subregion":"Eastern Asia"},
  {"code":"KE","code3":"KEN","name":"Kenya","nameFr":"Kenya","region":"Africa","subregion":"Eastern Africa"},
  {"code":"KG","code3":"KGZ","name":"Kyrgyzstan","nameFr":"Kirghizistan","region":"Asia","subregion":"Central Asia"},
  {"code":"KH","code3":"KHM","name":"Cambodia","nameFr":"Cambodge","region":"Asia","subregion":"South-Eastern Asia"},
  {"code":"KI","code3":"KIR","name":"Kiribati","nameFr":"Kiribati","region":"Oceania","subregion":"Micronesia"},
  {"code":"KM","code3":"COM","name":"Comoros","nameFr":"Comores","region":"Africa","subregion":"Eastern Africa"},
  {"code":"KN","code3":"KNA","name":"Saint Kitts and Nevis","nameFr":"Saint-Kitts-et-Nevis","region":"Americas","subregion":"Caribbean"},
  {"code":"KP","code3":"PRK","name":"North Korea","nameFr":"Corée du Nord","region":"Asia","subregion":"Eastern Asia"},
  {"code":"KR","code3":"KOR","name":"South Korea","nameFr":"Corée du Sud","region":"Asia","subregion":"Eastern Asia"},
  {"code":"KW","code3":"KWT","name":"Kuwait","nameFr":"Koweït","region":"Asia","subregion":"Western Asia"},
  {"code":"KY","code3":"CYM","name":"Cayman Islands","nameFr":"Îles Caïmans","region":"Americas","subregion":"Caribbean"},
  {"code":"KZ","code3":"KAZ","name":"Kazakhstan","nameFr":"Kazakhstan","region":"Asia","subregion":"Central Asia"},
  {"code":"LA","code3":"LAO","name":"Laos","nameFr":"Laos","region":"Asia","subregion":"South-Eastern Asia"},
  {"code":"LB","code3":"LBN","name":"Lebanon","nameFr":"Liban","region":"Asia","subregion":"Western Asia"},
  {"code":"LC","code3":"LCA","name":"Saint Lucia","nameFr":"Sainte-Lucie","region":"Americas","subregion":"Caribbean"},
  {"code":"LI","code3":"LIE","name":"Liechtenstein","nameFr":"Liechtenstein","region":"Europe","subregion":"Western Europe"},
  {"code":"LK","code3":"LKA","name":"Sri Lanka","nameFr":"Sri Lanka","region":"Asia","subregion":"Southern Asia"},
  {"code":"LR","code3":"LBR","name":"Liberia","nameFr":"Libéria","region":"Africa","subregion":"Western Africa"},
  {"code":"LS","code3":"LSO","name":"Lesotho","nameFr":"Lesotho","region":"Africa","subregion":"Southern Africa"},
  {"code":"LT","code3":"LTU","name":"Lithuania","nameFr":"Lituanie","region":"Europe","subregion":"Northern Europe"},
  {"code":"LU","code3":"LUX","name":"Luxembourg","nameFr":"Luxembourg","region":"Europe","subregion":"Western Europe"},
  {"code":"LV","code3":"LVA","name":"Latvia","nameFr":"Lettonie","region":"Europe","subregion":"Northern Europe"},
  {"code":"LY","code3":"LBY","name":"Libya","nameFr":"Libye","region":"Africa","subregion":"Northern Africa"},
  {"code":"MA","code3":"MAR","name":"Morocco","nameFr":"Maroc","region":"Africa","subregion":"Northern Africa"},
  {"code":"MC","code3":"MCO","name":"Monaco","nameFr":"Monaco","region":"Europe","subregion":"Western Europe"},
  {"code":"MD","code3":"MDA","name":"Moldova","nameFr":"Moldavie","region":"Europe","subregion":"Eastern Europe"},
  {"code":"ME","code3":"MNE","name":"Montenegro","nameFr":"Monténégro","region":"Europe","subregion":"Southern Europe"},
  {"code":"MF","code3":"MAF","name":"Saint Martin","nameFr":"Saint-Martin","region":"Americas","subregion":"Caribbean"},
  {"code":"MG","code3":"MDG","name":"Madagascar","nameFr":"Madagascar","region":"Africa","subregion":"Eastern Africa"},
  {"code":"MH","code3":"MHL","name":"Marshall Islands","nameFr":"Îles Marshall","region":"Oceania","subregion":"Micronesia"},
  {"code":"MK","code3":"MKD","name":"North Macedonia","nameFr":"Macédoine du Nord","region":"Europe","subregion":"Southern Europe"},
  {"code":"ML","code3":"MLI","name":"Mali","nameFr":"Mali","region":"Africa","subregion":"Western Africa"},
  {"code":"MM","code3":"MMR","name":"Myanmar","nameFr":"Myanmar","region":"Asia","subregion":"South-Eastern Asia"},
  {"code":"MN","code3":"MNG","name":"Mongolia","nameFr":"Mongolie","region":"Asia","subregion":"Eastern Asia"},
  {"code":"MO","code3":"MAC","name":"Macau","nameFr":"Macao","region":"Asia","subregion":"Eastern Asia"},
  {"code":"MP","code3":"MNP","name":"Northern Mariana Islands","nameFr":"Îles Mariannes du Nord","region":"Oceania","subregion":"Micronesia"},
  {"code":"MQ","code3":"MTQ","name":"Martinique","nameFr":"Martinique","region":"Americas","subregion":"Caribbean"},
  {"code":"MR","code3":"MRT","name":"Mauritania","nameFr":"Mauritanie","region":"Africa","subregion":"Western Africa"},
  {"code":"MS","code3":"MSR","name":"Montserrat","nameFr":"Montserrat","region":"Americas","subregion":"Caribbean"},
  {"code":"MT","code3":"MLT","name":"Malta","nameFr":"Malte","region":"Europe","subregion":"Southern Europe"},
  {"code":"MU","code3":"MUS","name":"Mauritius","nameFr":"Maurice","region":"Africa","subregion":"Eastern Africa"},
  {"code":"MV","code3":"MDV","name":"Maldives","nameFr":"Maldives","region":"Asia","subregion":"Southern Asia"},
  {"code":"MW","code3":"MWI","name":"Malawi","nameFr":"Malawi","region":"Africa","subregion":"Eastern Africa"},
  {"code":"MX","code3":"MEX","name":"Mexico","nameFr":"Mexique","region":"Americas","subregion":"Central America"},
  {"code":"MY","code3":"MYS","name":"Malaysia","nameFr":"Malaisie","region":"Asia","subregion":"South-Eastern Asia"},
  {"code":"MZ","code3":"MOZ","name":"Mozambique","nameFr":"Mozambique","region":"Africa","subregion":"Eastern Africa"},
  {"code":"NA","code3":"NAM","name":"Namibia","nameFr":"Namibie","region":"Africa","subregion":"Southern Africa"},
  {"code":"NC","code3":"NCL","name":"New Caledonia","nameFr":"Nouvelle-Calédonie","region":"Oceania","subregion":"Melanesia"},
  {"code":"NE","code3":"NER","name":"Niger","nameFr":"Niger","region":"Africa","subregion":"Western Africa"},
  {"code":"NF","code3":"NFK","name":"Norfolk Island","nameFr":"Île Norfolk","region":"Oceania","subregion":"Australia and New Zealand"},
  {"code":"NG","code3":"NGA","name":"Nigeria","nameFr":"Nigeria","region":"Africa","subregion":"Western Africa"},
  {"code":"NI","code3":"NIC","name":"Nicaragua","nameFr":"Nicaragua","region":"Americas","subregion":"Central America"},
  {"code":"NL","code3":"NLD","name":"Netherlands","nameFr":"Pays-Bas","region":"Europe","subregion":"Western Europe"},
  {"code":"NO","code3":"NOR","name":"Norway","nameFr":"Norvège","region":"Europe","subregion":"Northern Europe"},
  {"code":"NP","code3":"NPL","name":"Nepal","nameFr":"Népal","region":"Asia","subregion":"Southern Asia"},
  {"code":"NR","code3":"NRU","name":"Nauru","nameFr":"Nauru","region":"Oceania","subregion":"Micronesia"},
  {"code":"NU","code3":"NIU","name":"Niue","nameFr":"Niue","region":"Oceania","subregion":"Polynesia"},
  {"code":"NZ","code3":"NZL","name":"New Zealand","nameFr":"Nouvelle-Zélande","region":"Oceania","subregion":"Australia and New Zealand"},
  {"code":"OM","code3":"OMN","name":"Oman","nameFr":"Oman","region":"Asia","subregion":"Western Asia"},
  {"code":"PA","code3":"PAN","name":"Panama","nameFr":"Panama","region":"Americas","subregion":"Central America"},
  {"code":"PE","code3":"PER","name":"Peru","nameFr":"Pérou","region":"Americas","subregion":"South America"},
  {"code":"PF","code3":"PYF","name":"French Polynesia","nameFr":"Polynésie française","region":"Oceania","subregion":"Polynesia"},
  {"code":"PG","code3":"PNG","name":"Papua New Guinea","nameFr":"Papouasie-Nouvelle-Guinée","region":"Oceania","subregion":"Melanesia"},
  {"code":"PH","code3":"PHL","name":"Philippines","nameFr":"Philippines","region":"Asia","subregion":"South-Eastern Asia"},
  {"code":"PK","code3":"PAK","name":"Pakistan","nameFr":"Pakistan","region":"Asia","subregion":"Southern Asia"},
  {"code":"PL","code3":"POL","name":"Poland","nameFr":"Pologne","region":"Europe","subregion":"Eastern Europe"},
  {"code":"PM","code3":"SPM","name":"Saint Pierre and Miquelon","nameFr":"Saint-Pierre-et-Miquelon","region":"Americas","subregion":"Northern America"},
  {"code":"PN","code3":"PCN","name":"Pitcairn Islands","nameFr":"Îles Pitcairn","region":"Oceania","subregion":"Polynesia"},
  {"code":"PR","code3":"PRI","name":"Puerto Rico","nameFr":"Porto Rico","region":"Americas","subregion":"Caribbean"},
  {"code":"PS","code3":"PSE","name":"Palestine","nameFr":"Palestine","region":"Asia","subregion":"Western Asia"},
  {"code":"PT","code3":"PRT","name":"Portugal","nameFr":"Portugal","region":"Europe","subregion":"Southern Europe"},
  {"code":"PW","code3":"PLW","name":"Palau","nameFr":"Palaos","region":"Oceania","subregion":"Micronesia"},
  {"code":"PY","code3":"PRY","name":"Paraguay","nameFr":"Paraguay","region":"Americas","subregion":"South America"},
  {"code":"QA","code3":"QAT","name":"Qatar","nameFr":"Qatar","region":"Asia","subregion":"Western Asia"},
  {"code":"RE","code3":"REU","name":"Réunion","nameFr":"La Réunion","region":"Africa","subregion":"Eastern Africa"},
  {"code":"RO","code3":"ROU","name":"Romania","nameFr":"Roumanie","region":"Europe","subregion":"Eastern Europe"},
  {"code":"RS","code3":"SRB","name":"Serbia","nameFr":"Serbie","region":"Europe","subregion":"Southern Europe"},
  {"code":"RU","code3":"RUS","name":"Russia","nameFr":"Russie","region":"Europe","subregion":"Eastern Europe"},
  {"code":"RW","code3":"RWA","name":"Rwanda","nameFr":"Rwanda","region":"Africa","subregion":"Eastern Africa"},
  {"code":"SA","code3":"SAU","name":"Saudi Arabia","nameFr":"Arabie saoudite","region":"Asia","subregion":"Western Asia"},
  {"code":"SB","code3":"SLB","name":"Solomon Islands","nameFr":"Îles Salomon","region":"Oceania","subregion":"Melanesia"},
  {"code":"SC","code3":"SYC","name":"Seychelles","nameFr":"Seychelles","region":"Africa","subregion":"Eastern Africa"},
  {"code":"SD","code3":"SDN","name":"Sudan","nameFr":"Soudan","region":"Africa","subregion":"Northern Africa"},
  {"code":"SE","code3":"SWE","name":"Sweden","nameFr":"Suède","region":"Europe","subregion":"Northern Europe"},
  {"code":"SG","code3":"SGP","name":"Singapore","nameFr":"Singapour","region":"Asia","subregion":"South-Eastern Asia"},
  {"code":"SH","code3":"SHN","name":"Saint Helena, Ascension and Tristan da Cunha","nameFr":"Sainte-Hélène","region":"Africa","subregion":"Western Africa"},
  {"code":"SI","code3":"SVN","name":"Slovenia","nameFr":"Slovénie","region":"Europe","subregion":"Southern Europe"},
  {"code":"SJ","code3":"SJM","name":"Svalbard and Jan Mayen","nameFr":"Svalbard et Jan Mayen","region":"Europe","subregion":"Northern Europe"},
  {"code":"SK","code3":"SVK","name":"Slovakia","nameFr":"Slovaquie","region":"Europe","subregion":"Eastern Europe"},
  {"code":"SL","code3":"SLE","name":"Sierra Leone","nameFr":"Sierra Leone","region":"Africa","subregion":"Western Africa"},
  {"code":"SM","code3":"SMR","name":"San Marino","nameFr":"Saint-Marin","region":"Europe","subregion":"Southern Europe"},
  {"code":"SN","code3":"SEN","name":"Senegal","nameFr":"Sénégal","region":"Africa","subregion":"Western Africa"},
  {"code":"SO","code3":"SOM","name":"Somalia","nameFr":"Somalie","region":"Africa","subregion":"Eastern Africa"},
  {"code":"SR","code3":"SUR","name":"Suriname","nameFr":"Suriname","region":"Americas","subregion":"South America"},
  {"code":"SS","code3":"SSD","name":"South Sudan","nameFr":"Soudan du Sud","region":"Africa","subregion":"Eastern Africa"},
  {"code":"ST","code3":"STP","name":"São Tomé and Príncipe","nameFr":"São Tomé-et-Príncipe","region":"Africa","subregion":"Middle Africa"},
  {"code":"SV","code3":"SLV","name":"El Salvador","nameFr":"Salvador","region":"Americas","subregion":"Central America"},
  {"code":"SX","code3":"SXM","name":"Sint Maarten","nameFr":"Saint-Martin","region":"Americas","subregion":"Caribbean"},
  {"code":"SY","code3":"SYR","name":"Syria","nameFr":"Syrie","region":"Asia","subregion":"Western Asia"},
  {"code":"SZ","code3":"SWZ","name":"Eswatini","nameFr":"Eswatini","region":"Africa","subregion":"Southern Africa"},
  {"code":"TC","code3":"TCA","name":"Turks and Caicos Islands","nameFr":"Îles Turques-et-Caïques","region":"Americas","subregion":"Caribbean"},
  {"code":"TD","code3":"TCD","name":"Chad","nameFr":"Tchad","region":"Africa","subregion":"Middle Africa"},
  {"code":"TF","code3":"ATF","name":"French Southern and Antarctic Lands","nameFr":"Terres australes et antarctiques françaises","region":"Antarctic","subregion":null},
  {"code":"TG","code3":"TGO","name":"Togo","nameFr":"Togo","region":"Africa","subregion":"Western Africa"},
  {"code":"TH","code3":"THA","name":"Thailand","nameFr":"Thaïlande","region":"Asia","subregion":"South-Eastern Asia"},
  {"code":"TJ","code3":"TJK","name":"Tajikistan","nameFr":"Tadjikistan","region":"Asia","subregion":"Central Asia"},
  {"code":"TK","code3":"TKL","name":"Tokelau","nameFr":"Tokelau","region":"Oceania","subregion":"Polynesia"},
  {"code":"TL","code3":"TLS","name":"Timor-Leste","nameFr":"Timor oriental","region":"Asia","subregion":"South-Eastern Asia"},
  {"code":"TM","code3":"TKM","name":"Turkmenistan","nameFr":"Turkménistan","region":"Asia","subregion":"Central Asia"},
  {"code":"TN","code3":"TUN","name":"Tunisia","nameFr":"Tunisie","region":"Africa","subregion":"Northern Africa"},
  {"code":"TO","code3":"TON","name":"Tonga","nameFr":"Tonga","region":"Oceania","subregion":"Polynesia"},
  {"code":"TR","code3":"TUR","name":"Turkey","nameFr":"Turquie","region":"Asia","subregion":"Western Asia"},
  {"code":"TT","code3":"TTO","name":"Trinidad and Tobago","nameFr":"Trinité-et-Tobago","region":"Americas","subregion":"Caribbean"},
  {"code":"TV","code3":"TUV","name":"Tuvalu","nameFr":"Tuvalu","region":"Oceania","subregion":"Polynesia"},
  {"code":"TW","code3":"TWN","name":"Taiwan","nameFr":"Taïwan","region":"Asia","subregion":"Eastern Asia"},
  {"code":"TZ","code3":"TZA","name":"Tanzania","nameFr":"Tanzanie","region":"Africa","subregion":"Eastern Africa"},
  {"code":"UA","code3":"UKR","name":"Ukraine","nameFr":"Ukraine","region":"Europe","subregion":"Eastern Europe"},
  {"code":"UG","code3":"UGA","name":"Uganda","nameFr":"Ouganda","region":"Africa","subregion":"Eastern Africa"},
  {"code":"UM","code3":"UMI","name":"United States Minor Outlying Islands","nameFr":"Îles mineures éloignées des États-Unis","region":"Oceania","subregion":"Micronesia"},
  {"code":"US","code3":"USA","name":"United States","nameFr":"États-Unis","region":"Americas","subregion":"Northern America"},
  {"code":"UY","code3":"URY","name":"Uruguay","nameFr":"Uruguay","region":"Americas","subregion":"South America"},
  {"code":"UZ","code3":"UZB","name":"Uzbekistan","nameFr":"Ouzbékistan","region":"Asia","subregion":"Central Asia"},
  {"code":"VA","code3":"VAT","name":"Vatican City","nameFr":"Vatican","region":"Europe","subregion":"Southern Europe"},
  {"code":"VC","code3":"VCT","name":"Saint Vincent and the Grenadines","nameFr":"Saint-Vincent-et-les-Grenadines","region":"Americas","subregion":"Caribbean"},
  {"code":"VE","code3":"VEN","name":"Venezuela","nameFr":"Venezuela","region":"Americas","subregion":"South America"},
  {"code":"VG","code3":"VGB","name":"British Virgin Islands","nameFr":"Îles Vierges britanniques","region":"Americas","subregion":"Caribbean"},
  {"code":"VI","code3":"VIR","name":"United States Virgin Islands","nameFr":"Îles Vierges américaines","region":"Americas","subregion":"Caribbean"},
  {"code":"VN","code3":"VNM","name":"Vietnam","nameFr":"Viêt Nam","region":"Asia","subregion":"South-Eastern Asia"},
  {"code":"VU","code3":"VUT","name":"Vanuatu","nameFr":"Vanuatu","region":"Oceania","subregion":"Melanesia"},
  {"code":"WF","code3":"WLF","name":"Wallis and Futuna","nameFr":"Wallis-et-Futuna","region":"Oceania","subregion":"Polynesia"},
  {"code":"WS","code3":"WSM","name":"Samoa","nameFr":"Samoa","region":"Oceania","subregion":"Polynesia"},
  {"code":"XK","code3":"XKK","name":"Kosovo","nameFr":"Kosovo","region":"Europe","subregion":"Southern Europe"},
  {"code":"YE","code3":"YEM","name":"Yemen","nameFr":"Yémen","region":"Asia","subregion":"Western Asia"},
  {"code":"YT","code3":"MYT","name":"Mayotte","nameFr":"Mayotte","region":"Africa","subregion":"Eastern Africa"},
  {"code":"ZA","code3":"ZAF","name":"South Africa","nameFr":"Afrique du Sud","region":"Africa","subregion":"Southern Africa"},
  {"code":"ZM","code3":"ZMB","name":"Zambia","nameFr":"Zambie","region":"Africa","subregion":"Eastern Africa"},
  {"code":"ZW","code3":"ZWE","name":"Zimbabwe","nameFr":"Zimbabwe","region":"Africa","subregion":"Eastern Africa"}
]

